candidate_id,peptide_wt,peptide_mut,mut_pos_1based,gene,hla_allele,ic50_nm,label,note
REAL_065,GIIGWMFAV,GIIEWMFAV,4,NID1,HLA-A*02:01,3.0,REAL,REAL — NID1 G495E IC50=3.0nM
DECOY_054,IPIEGFELM,ILFGEELIM,2,TRIAP1,HLA-A*02:01,,DECOY,DECOY — shuffled middle positions from REAL_054
REAL_027,PLLDTDMLM,LLLDTDMLM,1,MLXIP,HLA-A*02:01,34.0,REAL,REAL — MLXIP P270L IC50=34.0nM
REAL_017,ALLDRYFEA,ALLDRYFKA,8,DNPH1,HLA-A*02:01,10.0,REAL,REAL — DNPH1 E159K IC50=10.0nM
DECOY_001,FLGNGDSSL,FLGSGDNFL,4,AASDH,HLA-A*02:01,,DECOY,DECOY — shuffled middle positions from REAL_001
REAL_005,RIYEQLPEV,WIYEQLPEV,1,ALMS1,HLA-A*02:01,4.0,REAL,REAL — ALMS1 R4120W IC50=4.0nM
DECOY_048,YLKAWAGPV,YLARKAWPV,3,FMO4,HLA-A*02:01,,DECOY,DECOY — shuffled middle positions from REAL_048
REAL_051,SMFAIISGL,LMFAIISGL,1,RAPGEF2,HLA-A*02:01,9.0,REAL,REAL — RAPGEF2 S806L IC50=9.0nM
REAL_026,VQFCLTIPP,VQFCLTIPL,9,MED14,HLA-A*02:01,19.0,REAL,REAL — MED14 P1344L IC50=19.0nM
DECOY_027,PLLMDLTDM,LLTMLDLDM,1,MLXIP,HLA-A*02:01,,DECOY,DECOY — shuffled middle positions from REAL_027
REAL_008,ALARLQQGV,ALAQLQQGV,4,BCAR1,HLA-A*02:01,47.0,REAL,REAL — BCAR1 R255Q IC50=47.0nM
DECOY_056,VLLSWQHGV,VLQGWLLHV,3,WSB2,HLA-A*02:01,,DECOY,DECOY — shuffled middle positions from REAL_056
REAL_054,IPIEGLEFM,ILIEGLEFM,2,TRIAP1,HLA-A*02:01,11.0,REAL,REAL — TRIAP1 P58L IC50=11.0nM
REAL_056,VLSGHLQWV,VLLGHLQWV,3,WSB2,HLA-A*02:01,5.0,REAL,REAL — WSB2 S194L IC50=5.0nM
DECOY_037,TLPHASPSL,TLPHASSSL,7,ATN1,HLA-A*02:01,,DECOY,DECOY — shuffled middle positions from REAL_037
REAL_022,VINDISFWL,VINDILFWL,6,FARS2,HLA-A*02:01,12.0,REAL,REAL — FARS2 S368L IC50=12.0nM
DECOY_015,TIPEDELLV,TIDEESLLV,3,CTNS,HLA-A*02:01,,DECOY,DECOY — shuffled middle positions from REAL_015
DECOY_035,HMSSLSLNL,HMSLLSNFL,4,NVL,HLA-A*02:01,,DECOY,DECOY — shuffled middle positions from REAL_035
REAL_006,SMALLSNLA,FMALLSNLA,1,ARID1B,HLA-A*02:01,42.0,REAL,REAL — ARID1B S2118F IC50=42.0nM
DECOY_032,LMQMGQMPV,LMSMMGQQV,3,NCOA6,HLA-A*02:01,,DECOY,DECOY — shuffled middle positions from REAL_032
DECOY_005,RILEYEPQV,WIQEPLEYV,1,ALMS1,HLA-A*02:01,,DECOY,DECOY — shuffled middle positions from REAL_005
DECOY_062,YLVLKYQMG,YLQLVKMYV,3,MAPK13,HLA-A*02:01,,DECOY,DECOY — shuffled middle positions from REAL_062
DECOY_009,SIPFPSCIV,SICISFSPV,3,C11orf74,HLA-A*02:01,,DECOY,DECOY — shuffled middle positions from REAL_009
REAL_010,KPMESSSVV,KLMESSSVV,2,CDCA2,HLA-A*02:01,5.0,REAL,REAL — CDCA2 P815L IC50=5.0nM
DECOY_065,GIIAWMGFV,GIFIWMAEV,3,NID1,HLA-A*02:01,,DECOY,DECOY — shuffled middle positions from REAL_065
DECOY_007,FLFDLIITL,FLIDTFIFL,3,ATXN10,HLA-A*02:01,,DECOY,DECOY — shuffled middle positions from REAL_007
REAL_050,STDAGFHFA,FTDAGFHFA,1,ITGB1,HLA-A*02:01,39.0,REAL,REAL — ITGB1 S277F IC50=39.0nM
DECOY_050,STHAFGDFA,FTHDGFAFA,1,ITGB1,HLA-A*02:01,,DECOY,DECOY — shuffled middle positions from REAL_050
REAL_066,ILQEHPIPL,ILQEHLIPL,6,NLRP1,HLA-A*02:01,5.0,REAL,REAL — NLRP1 P614L IC50=5.0nM
DECOY_045,ALISDLRIL,ALLDFIIRL,3,FADS2,HLA-A*02:01,,DECOY,DECOY — shuffled middle positions from REAL_045
REAL_021,GLCPRPVLV,GLCPRLVLV,6,FANCG,HLA-A*02:01,48.0,REAL,REAL — FANCG P243L IC50=48.0nM
REAL_037,TLAPSPHSL,TLAPSSHSL,6,ATN1,HLA-A*02:01,36.0,REAL,REAL — ATN1 P356S IC50=36.0nM
DECOY_041,STPPFQAPA,FTPPQAFPA,1,CDK5R1,HLA-A*02:01,,DECOY,DECOY — shuffled middle positions from REAL_041
DECOY_067,PLTFPTSPL,SLPTSPTFL,1,NUP214,HLA-A*02:01,,DECOY,DECOY — shuffled middle positions from REAL_067
DECOY_025,FLPSCSKYL,FLNCSPSYL,3,LTN1,HLA-A*02:01,,DECOY,DECOY — shuffled middle positions from REAL_025
DECOY_029,YCLLFEMSV,YCFELFLMV,3,MYCBP2,HLA-A*02:01,,DECOY,DECOY — shuffled middle positions from REAL_029
REAL_009,SIPSCIPFV,SISSCIPFV,3,C11orf74,HLA-A*02:01,5.0,REAL,REAL — C11orf74 P63S IC50=5.0nM
REAL_062,YLVYQMLKG,YLVYQMLKV,9,MAPK13,HLA-A*02:01,9.0,REAL,REAL — MAPK13 G137V IC50=9.0nM
REAL_001,FLNSGGDSL,FLNSGGDFL,8,AASDH,HLA-A*02:01,21.0,REAL,REAL — AASDH S589F IC50=21.0nM
REAL_020,VMTPFSSEL,VMTSFSSEL,4,FAM171B,HLA-A*02:01,28.0,REAL,REAL — FAM171B P645S IC50=28.0nM
DECOY_038,LLLFPVHEL,LLHLEVFLL,3,BEND3,HLA-A*02:01,,DECOY,DECOY — shuffled middle positions from REAL_038
DECOY_060,VQSEEFSDV,VQDSEFEFV,3,LNPEP,HLA-A*02:01,,DECOY,DECOY — shuffled middle positions from REAL_060
REAL_015,TILELPDEV,TILELSDEV,6,CTNS,HLA-A*02:01,24.0,REAL,REAL — CTNS P73S IC50=24.0nM
DECOY_016,ELNEEFVSL,KLVNFSEEL,1,CYP2R1,HLA-A*02:01,,DECOY,DECOY — shuffled middle positions from REAL_016
REAL_057,STLSKPHGV,FTLSKPHGV,1,ZNF33A,HLA-A*02:01,16.0,REAL,REAL — ZNF33A S288F IC50=16.0nM
REAL_007,FLIITDLFL,FLIITDFFL,7,ATXN10,HLA-A*02:01,8.0,REAL,REAL — ATXN10 L159F IC50=8.0nM
REAL_019,FAFTVKFYP,FAFTVKFYL,9,EPB41L1,HLA-A*02:01,26.0,REAL,REAL — EPB41L1 P115L IC50=26.0nM
REAL_039,ILFCDMCNL,ILYCDMCNL,3,BRPF1,HLA-A*02:01,21.0,REAL,REAL — BRPF1 F292Y IC50=21.0nM
DECOY_042,YLDVLSWLF,YLDWSVLLC,4,CHST15,HLA-A*02:01,,DECOY,DECOY — shuffled middle positions from REAL_042
DECOY_057,STPKHLSGV,FTKLPHGSV,1,ZNF33A,HLA-A*02:01,,DECOY,DECOY — shuffled middle positions from REAL_057
DECOY_018,FVLIVITSV,FISVIITLV,2,DPY19L3,HLA-A*02:01,,DECOY,DECOY — shuffled middle positions from REAL_018
REAL_047,YLPEELAAL,YLPEELVAL,7,FLII,HLA-A*02:01,7.0,REAL,REAL — FLII A42V IC50=7.0nM
REAL_018,FVLSITVIV,FILSITVIV,2,DPY19L3,HLA-A*02:01,7.0,REAL,REAL — DPY19L3 V424I IC50=7.0nM
DECOY_026,VQLFPITCP,VQCLTPIFL,3,MED14,HLA-A*02:01,,DECOY,DECOY — shuffled middle positions from REAL_026
DECOY_022,VIIDNSFWL,VIFNWDLIL,3,FARS2,HLA-A*02:01,,DECOY,DECOY — shuffled middle positions from REAL_022
REAL_014,ALLENMEGL,ALLENMERL,8,COPZ1,HLA-A*02:01,21.0,REAL,REAL — COPZ1 G97R IC50=21.0nM
REAL_013,SLLLLLLLV,FLLLLLLLV,1,CLMP,HLA-A*02:01,9.0,REAL,REAL — CLMP S2F IC50=9.0nM
DECOY_019,FAFTFYVKP,FAFKVYFTL,4,EPB41L1,HLA-A*02:01,,DECOY,DECOY — shuffled middle positions from REAL_019
DECOY_039,ILMNCCDFL,ILNDCYCML,3,BRPF1,HLA-A*02:01,,DECOY,DECOY — shuffled middle positions from REAL_039
DECOY_053,GPFIWIFNV,GSIIFFWNV,2,SLC25A30,HLA-A*02:01,,DECOY,DECOY — shuffled middle positions from REAL_053
DECOY_011,VLIGDEIEI,VLDKIIGEI,3,CHMP2B,HLA-A*02:01,,DECOY,DECOY — shuffled middle positions from REAL_011
DECOY_013,SLLLLLLLV,FLLLLLLLV,1,CLMP,HLA-A*02:01,,DECOY,DECOY — shuffled middle positions from REAL_013
DECOY_012,GMAAPAGVP,GMPGVAAAL,3,CHST2,HLA-A*02:01,,DECOY,DECOY — shuffled middle positions from REAL_012
DECOY_066,ILPHEPIQL,ILPILQEHL,4,NLRP1,HLA-A*02:01,,DECOY,DECOY — shuffled middle positions from REAL_066
REAL_041,STFAQPPPA,FTFAQPPPA,1,CDK5R1,HLA-A*02:01,33.0,REAL,REAL — CDK5R1 S96F IC50=33.0nM
DECOY_033,SFKFDMLEL,SLFDLEKML,2,NRBP2,HLA-A*02:01,,DECOY,DECOY — shuffled middle positions from REAL_033
REAL_016,ELFSENVEL,KLFSENVEL,1,CYP2R1,HLA-A*02:01,8.0,REAL,REAL — CYP2R1 E212K IC50=8.0nM
REAL_030,VLQELLMGV,VLQKLLMGV,4,MYCBPAP,HLA-A*02:01,20.0,REAL,REAL — MYCBPAP E606K IC50=20.0nM
REAL_033,SFMELDKFL,SLMELDKFL,2,NRBP2,HLA-A*02:01,13.0,REAL,REAL — NRBP2 F365L IC50=13.0nM
DECOY_023,LPKYYVVAV,LLAVKYYVV,2,FAT1,HLA-A*02:01,,DECOY,DECOY — shuffled middle positions from REAL_023
REAL_035,HMNSSLLSL,HMNSSLLFL,8,NVL,HLA-A*02:01,28.0,REAL,REAL — NVL S19F IC50=28.0nM
REAL_059,ITISQLSLV,ITISQLFLV,7,KIF23,HLA-A*02:01,11.0,REAL,REAL — KIF23 S334F IC50=11.0nM
DECOY_044,ALTPASSAV,ALSLAATSV,3,ESRP2,HLA-A*02:01,,DECOY,DECOY — shuffled middle positions from REAL_044
REAL_043,GLYPTFPPV,GLYSTFPPV,4,DALRD3,HLA-A*02:01,3.0,REAL,REAL — DALRD3 P427S IC50=3.0nM
DECOY_068,YLDGSVITL,YLTGFDIVL,3,PADI1,HLA-A*02:01,,DECOY,DECOY — shuffled middle positions from REAL_068
REAL_055,RLPEMGSNV,RLPEMGFNV,7,TRRAP,HLA-A*02:01,16.0,REAL,REAL — TRRAP S702F IC50=16.0nM
REAL_045,ALLDIIRSL,ALLDIIRFL,8,FADS2,HLA-A*02:01,8.0,REAL,REAL — FADS2 S429F IC50=8.0nM
REAL_068,YLTGVDISL,YLTGVDIFL,8,PADI1,HLA-A*02:01,8.0,REAL,REAL — PADI1 S118F IC50=8.0nM
DECOY_002,MVSWVYSIV,MVVFWIYSV,3,ABCA2,HLA-A*02:01,,DECOY,DECOY — shuffled middle positions from REAL_002
DECOY_030,VLGMLEQLV,VLGLLMQKV,4,MYCBPAP,HLA-A*02:01,,DECOY,DECOY — shuffled middle positions from REAL_030
REAL_048,YLKAWGAPV,YLKAWRAPV,6,FMO4,HLA-A*02:01,24.0,REAL,REAL — FMO4 G519R IC50=24.0nM
DECOY_006,SMLASLNLA,FMLLLSANA,1,ARID1B,HLA-A*02:01,,DECOY,DECOY — shuffled middle positions from REAL_006
REAL_040,TPDGFFFRV,TLDGFFFRV,2,C17orf58,HLA-A*02:01,4.0,REAL,REAL — C17orf58 P8L IC50=4.0nM
REAL_032,LMPQGQMMV,LMSQGQMMV,3,NCOA6,HLA-A*02:01,27.0,REAL,REAL — NCOA6 P657S IC50=27.0nM
REAL_052,IPDGEMPQV,ILDGEMPQV,2,SEC23IP,HLA-A*02:01,9.0,REAL,REAL — SEC23IP P436L IC50=9.0nM
REAL_029,YCFELLSMV,YCFELLFMV,7,MYCBP2,HLA-A*02:01,8.0,REAL,REAL — MYCBP2 S4018F IC50=8.0nM
REAL_038,LLVHLFPEL,LLVHLFLEL,7,BEND3,HLA-A*02:01,28.0,REAL,REAL — BEND3 P583L IC50=28.0nM
REAL_012,GMAGVAAPP,GMAGVAAPL,9,CHST2,HLA-A*02:01,21.0,REAL,REAL — CHST2 P150L IC50=21.0nM
REAL_003,FMVSLDHSM,FLVSLDHSM,2,ACOT8,HLA-A*02:01,25.0,REAL,REAL — ACOT8 M252L IC50=25.0nM
REAL_058,FLAEHDYGL,FLAEHEYGL,6,KIAA1429,HLA-A*02:01,3.0,REAL,REAL — KIAA1429 D1358E IC50=3.0nM
DECOY_058,FLGAHYDEL,FLGAEEYHL,5,KIAA1429,HLA-A*02:01,,DECOY,DECOY — shuffled middle positions from REAL_058
DECOY_064,SMCWCFTFF,FMFCCFTWF,1,MYADM,HLA-A*02:01,,DECOY,DECOY — shuffled middle positions from REAL_064
REAL_061,KMFHHTAIL,KMFHYTAIL,5,LPHN3,HLA-A*02:01,8.0,REAL,REAL — LPHN3 H1049Y IC50=8.0nM
DECOY_020,VMSEFPSTL,VMFSESSTL,3,FAM171B,HLA-A*02:01,,DECOY,DECOY — shuffled middle positions from REAL_020
DECOY_031,SLMILGDNV,SLGDNILIV,3,MYO1B,HLA-A*02:01,,DECOY,DECOY — shuffled middle positions from REAL_031
DECOY_036,ELLHHFLEV,KLLHHFLEV,1,AMPD2,HLA-A*02:01,,DECOY,DECOY — shuffled middle positions from REAL_036
DECOY_046,SLPPAHHAL,SLPAPHYAL,4,FKBP15,HLA-A*02:01,,DECOY,DECOY — shuffled middle positions from REAL_046
REAL_053,GPWNIIFFV,GSWNIIFFV,2,SLC25A30,HLA-A*02:01,20.0,REAL,REAL — SLC25A30 P274S IC50=20.0nM
DECOY_024,GLAGMADLV,GLGADALIV,3,FURIN,HLA-A*02:01,,DECOY,DECOY — shuffled middle positions from REAL_024
REAL_031,SLLDNMIGV,SLLDNIIGV,6,MYO1B,HLA-A*02:01,3.0,REAL,REAL — MYO1B M14I IC50=3.0nM
REAL_011,VLDEIGIEI,VLDEIGIKI,8,CHMP2B,HLA-A*02:01,47.0,REAL,REAL — CHMP2B E132K IC50=47.0nM
REAL_025,FLKYCSSPL,FLNYCSSPL,3,LTN1,HLA-A*02:01,6.0,REAL,REAL — LTN1 K1279N IC50=6.0nM
REAL_067,PLPTSFPTL,SLPTSFPTL,1,NUP214,HLA-A*02:01,41.0,REAL,REAL — NUP214 P1463S IC50=41.0nM
REAL_002,MVISWVYSV,MVIFWVYSV,4,ABCA2,HLA-A*02:01,3.0,REAL,REAL — ABCA2 S715F IC50=3.0nM
DECOY_061,KMHHIFATL,KMAYFTHIL,3,LPHN3,HLA-A*02:01,,DECOY,DECOY — shuffled middle positions from REAL_061
DECOY_049,GLDLPVSDV,GLSVDDLSV,3,IQGAP3,HLA-A*02:01,,DECOY,DECOY — shuffled middle positions from REAL_049
DECOY_021,GLPPVLRCV,GLPRLVLCV,4,FANCG,HLA-A*02:01,,DECOY,DECOY — shuffled middle positions from REAL_021
DECOY_008,ALQAQGRLV,ALQQAGQLV,4,BCAR1,HLA-A*02:01,,DECOY,DECOY — shuffled middle positions from REAL_008
REAL_036,ELHLFLEHV,KLHLFLEHV,1,AMPD2,HLA-A*02:01,39.0,REAL,REAL — AMPD2 E494K IC50=39.0nM
DECOY_052,IPEDGPMQV,ILEQGMDPV,2,SEC23IP,HLA-A*02:01,,DECOY,DECOY — shuffled middle positions from REAL_052
REAL_034,FPVKYLGHV,FLVKYLGHV,2,NUMB,HLA-A*02:01,10.0,REAL,REAL — NUMB P40L IC50=10.0nM
DECOY_034,FPLKYVHGV,FLVGHLKYV,2,NUMB,HLA-A*02:01,,DECOY,DECOY — shuffled middle positions from REAL_034
REAL_046,SLHPAHPAL,SLYPAHPAL,3,FKBP15,HLA-A*02:01,20.0,REAL,REAL — FKBP15 H413Y IC50=20.0nM
REAL_028,ALDPYKHKV,ALDSYKHKV,4,MTOR,HLA-A*02:01,28.0,REAL,REAL — MTOR P896S IC50=28.0nM
DECOY_059,ITSILSLQV,ITQSILLFV,3,KIF23,HLA-A*02:01,,DECOY,DECOY — shuffled middle positions from REAL_059
REAL_024,GLLDAGAMV,GLLDAGAIV,8,FURIN,HLA-A*02:01,21.0,REAL,REAL — FURIN M434I IC50=21.0nM
REAL_042,YLLDWLSVF,YLLDWLSVC,9,CHST15,HLA-A*02:01,29.0,REAL,REAL — CHST15 F468C IC50=29.0nM
DECOY_040,TPFFDRGFV,TLFGFFDRV,2,C17orf58,HLA-A*02:01,,DECOY,DECOY — shuffled middle positions from REAL_040
REAL_064,SMFTWCFCF,FMFTWCFCF,1,MYADM,HLA-A*02:01,15.0,REAL,REAL — MYADM S68F IC50=15.0nM
REAL_004,YLIHSPMSL,YLIHSSMSL,6,AKR1C3,HLA-A*02:01,4.0,REAL,REAL — AKR1C3 P119S IC50=4.0nM
REAL_044,ALASAPTSV,ALASALTSV,6,ESRP2,HLA-A*02:01,9.0,REAL,REAL — ESRP2 P655L IC50=9.0nM
REAL_049,GLDDVSLPV,GLDDVSLSV,8,IQGAP3,HLA-A*02:01,6.0,REAL,REAL — IQGAP3 P560S IC50=6.0nM
DECOY_017,ALYFRELDA,ALKRDFLYA,3,DNPH1,HLA-A*02:01,,DECOY,DECOY — shuffled middle positions from REAL_017
DECOY_010,KPSSVEMSV,KLSSSVEMV,2,CDCA2,HLA-A*02:01,,DECOY,DECOY — shuffled middle positions from REAL_010
DECOY_004,YLMPIHSSL,YLSHSISML,3,AKR1C3,HLA-A*02:01,,DECOY,DECOY — shuffled middle positions from REAL_004
REAL_060,VQDEFSESV,VQDEFFESV,6,LNPEP,HLA-A*02:01,21.0,REAL,REAL — LNPEP S349F IC50=21.0nM
DECOY_028,ALHKKDPYV,ALSYDKHKV,3,MTOR,HLA-A*02:01,,DECOY,DECOY — shuffled middle positions from REAL_028
DECOY_063,VLATGPIVT,VLITAPIGT,3,MTHFD1L,HLA-A*02:01,,DECOY,DECOY — shuffled middle positions from REAL_063
DECOY_047,YLPAELEAL,YLLEAPEVL,3,FLII,HLA-A*02:01,,DECOY,DECOY — shuffled middle positions from REAL_047
DECOY_003,FMLSVDHSM,FLSDLVSHM,2,ACOT8,HLA-A*02:01,,DECOY,DECOY — shuffled middle positions from REAL_003
REAL_023,LPYYAVVKV,LLYYAVVKV,2,FAT1,HLA-A*02:01,13.0,REAL,REAL — FAT1 P2085L IC50=13.0nM
REAL_063,VLVAGITPT,VLIAGITPT,3,MTHFD1L,HLA-A*02:01,31.0,REAL,REAL — MTHFD1L V418I IC50=31.0nM
DECOY_014,ALEEMNLGL,ALELRNMEL,4,COPZ1,HLA-A*02:01,,DECOY,DECOY — shuffled middle positions from REAL_014
REAL_069,ALPQASPTV,ALPQAFPTV,6,PLEKHG4,HLA-A*02:01,19.0,REAL,REAL — PLEKHG4 S635F IC50=19.0nM
DECOY_043,GLPPFPTYV,GLPTPFSYV,4,DALRD3,HLA-A*02:01,,DECOY,DECOY — shuffled middle positions from REAL_043
DECOY_051,SMIGISFAL,LMSIGIAFL,1,RAPGEF2,HLA-A*02:01,,DECOY,DECOY — shuffled middle positions from REAL_051
DECOY_055,RLEPSGMNV,RLMPNFGEV,3,TRRAP,HLA-A*02:01,,DECOY,DECOY — shuffled middle positions from REAL_055
DECOY_069,ALAPPSQTV,ALPAQTPFV,3,PLEKHG4,HLA-A*02:01,,DECOY,DECOY — shuffled middle positions from REAL_069
